                    aimee rose, https://www.instagram.com/tropicalitrapsetta/
                   akemi smoot,
              alhassane camara,
                    alice park,
                 alise halbert,
                     amy foley,
                        amy ye,
             anastasia ryzhova,
                   andy nguyen,
                angelica perez,
                   ann dragich,
                ariana espinal,
                  ava  rodolfo,
                   becca selin,
               benjamin warner,
              bethany mitchell,
                  bongo sidibe,
                brandie norris,
                   bruce ghent,
               carmen carrasco,
                  carolyn fleg,
       carolyn goor hutchinson,
                castle russell,
                  chaz cabonce,
               christopher lam,
                corie altaffer,
         daiane lopes da silva,
                  david javier,
                  david schrag,
                    deb garcia,
                 dillon nguyen,
                 dudley flores,
                 elena martins,
           elizabeth soberanes,
                   elvia marta,
                emerson aquino,
                       fox ray,
                gabriel romero,
                   gargi patel,
                georgi carmack,
   georgi carmack  jalen hodge,
              heather bornfeld,
       heather easley kasinsky,
             heather mullowney,
                 inez schynell,
                   janet roitz,
                janice garrett,
                jardy santiago,
               jay chris moore,
               jeric peregrino,
                   jill parker,
            jocquese whitfield,
             joseline granados,
             julianna cressman,
                   kami liddle,
                    katie clay,
                     ken scott,
               kendall charrow,
                kristin damrow,
                     kurt leal,
                    kyle limin,
                  lauren mayer,
                 leesha zieber,
                    lizz roman,
                loretta najera,
                madison mcgain,
                maggie connard,
                 manuel suarez,
            marina serdeshnaya,
               mark foehringer,
               mayela carrasco,
                  meredith fox,
                 micaela ndaki,
                        micaya,
            michelle nakayoshi,
                      miki kim,
                  mio cuartero,
                 miquel banket,
                 molly matutat,
               monica ascencio,
       moscelyne parkeharrison,
                 naby bangoura,
            natalie sklovskaya,
               nicole klaymoon,
                         ninja,
                    norma fong,
                  patricia lam,
                   pilar marsh,
             portsha jefferson,
                     rama hall,
               rebecca setziol,
                     robert yu,
                 robin dekkers,
                     ryan mead,
                     sal gomez,
             sam yoshikawa iii,
        samuel meleciozambrano,
                  sandra chinn,
                  sarah emmons,
                      sila poe,
                 silvana sousa,
                        soumya,
                 stuck sanders,
                 susana arenas,
                  tamika banks,
               terence paschal,
                   terence tse,
                   trey russel,
                vincent tantra,
